Product Name,Profit_per_Unit
Lickable Wallpaper,10.0
Everlasting Gobstopper,8.0
Hair Toffee,3.5
Wonka Bar -Scrumdiddlyumptious,2.5
Wonka Bar - Nutty Crunch Surprise,2.49
Wonka Bar - Triple Dazzle Caramel,2.45
Wonka Bar - Fudge Mallows,2.4
Fizzy Lifting Drinks,2.25
Wonka Bar - Milk Chocolate,2.11
Laffy Taffy,1.2400000000000002
Nerds,0.7
SweeTARTS,0.7
Wonka Gum,0.65
Fun Dip,0.6
Kazookles,0.25
